Gold,Total,Correct,Accuracy
",",7,7,1.0
-LRB-,1,1,1.0
-RRB-,1,1,1.0
.,14,14,1.0
:,3,3,1.0
CC,3,3,1.0
CD,5,5,1.0
DT,33,33,1.0
EX,1,1,1.0
HYPH,4,4,1.0
IN,44,44,1.0
JJ,13,13,1.0
MD,3,3,1.0
NN,30,30,1.0
NNP,36,34,0.9444444444444444
NNPS,2,1,0.5
NNS,18,17,0.9444444444444444
PRP,11,11,1.0
PRP$,3,3,1.0
RB,10,8,0.8
RP,2,2,1.0
TO,3,3,1.0
VB,8,7,0.875
VBD,16,16,1.0
VBG,11,11,1.0
VBN,9,9,1.0
VBP,3,2,0.6666666666666666
VBZ,2,2,1.0
WP,1,1,1.0
