Gold,Total,Correct,Accuracy
",",7,7,1.0
-LRB-,1,1,1.0
-RRB-,1,1,1.0
.,14,14,1.0
:,3,3,1.0
CC,3,3,1.0
CD,5,5,1.0
DT,33,33,1.0
EX,1,1,1.0
HYPH,4,4,1.0
IN,44,44,1.0
JJ,13,12,0.9230769230769231
MD,3,3,1.0
NN,30,30,1.0
NNP,36,36,1.0
NNPS,2,2,1.0
NNS,18,18,1.0
PRP,11,11,1.0
PRP$,3,3,1.0
RB,10,9,0.9
RP,2,2,1.0
TO,3,3,1.0
VB,8,8,1.0
VBD,16,16,1.0
VBG,11,11,1.0
VBN,9,9,1.0
VBP,3,2,0.6666666666666666
VBZ,2,2,1.0
WP,1,1,1.0
